year,make,model,price
2016,Abarth,695 Biposto,48000
2010,Abarth,500 esseesse,35000
1980,Abarth,Fiat 131,38000
1968,Abarth,595 esseesse,35000
2017,Acura,NSX,170000
2002,Acura,RSX Type-S,25000
2001,Acura,Integra Type-R,25000
2014,Alfa Romeo,4C,74000
2007,Alfa Romeo,8C Competizione,300000
1992,Alfa Romeo,155 Q4 ,25000
1992,Alfa Romeo,Milano Quadrifoglio Verde,25000
1968,Alfa Romeo,33 Stradale,10000000
2013,Abarth,Punto Supersport,"41000"
1965,Alfa Romeo,Giulia TZ2,1000000
1965,Alfa Romeo,Giulia Sprint GTA Stradale,300000
2015,Alumi Craft,Class 10 Race Car,100000
1977,AMC,Pacer X,35000
1973,AMC,Gremlin X,35000
2010,Acura,TSX V6,"21000"
2009,Acura,#66 de Ferran Motorsports ARX-02a,"2500000"
2009,Acura,#66 de Ferran Motorsports Jim Hall Tribute ARX-02a,"2500000"
2008,Acura,#15 Lowe's Fernandez ARX-01b,"2000000"
2008,Acura,#26 Andretti-Green Racing ARX-01b,"2000000"
2008,Acura,#66 de Ferran Motorsports ARX-01b,"2000000"
2006,Acura,RL A-Spec,"14500"
2005,Acura,Forza Motorsport NSX,"300000"
2005,Acura,NSX,"64000"
2003,Acura,3.2 CL Type-S,"20,000"
2002,Acura,#42 Realtime Racing NSX,"150,000"
1971,AMC,Javelin-AMX,35000
1970,AMC,"Rebel ""The Machine""",30000
2000,Acura,VIS Racing Integra Type-R,"93,500"
1997,Acura,NSX,"38,000"
2554,AMG TD,M12S Warthog CST,850000
2011,Alfa Romeo,TZ3 Stradale Zagato,"600,000"
2011,Alfa Romeo,Giulietta Quadrifoglio Verde,"39,000"
2010,Alfa Romeo,8C Spider,"280,000"
2009,Alfa Romeo,Brera Italia Independent,"32,000"
2008,Alfa Romeo,MiTo,"20,000"
2016,Ariel,Nomad,93000
2013,Ariel,Atom 500 V8,108000
2017,Aston Martin,DB11,220000
1990,Alfa Romeo,SZ Sprint Zagato,"49,000"
1986,Alfa Romeo,GTV-6,"12,000"
1986,Alfa Romeo,Spider Quadrifoglio Verde,"12,000"
1970,Alfa Romeo,Montreal,"27,000"
2016,Aston Martin,Vulcan,1500000
2016,Aston Martin,Vantage GT12,400000
2013,Aston Martin,V12 Vantage S,240000
1934,Alfa Romeo,P3,"1,500,000"
2012,Aston Martin,Vanquish,348000
2012,Aston Martin,V12 Zagato,500000
2010,Aston Martin,One-77,1400000
1998,Aston Martin,V8 Vantage V600,342000
1977,Aston Martin,V8 Vantage,100000
1964,Aston Martin,DB5,800000
2016,Audi,R8 V10 plus Pre-Order Edition,242000
2012,Ascari,KZ1R,"350,000"
2016,Audi,R8 V10 plus,242000
2015,Audi,TTS Coupe,52000
2015,Audi,S1,35000
2014,Audi,#45 Flying Lizard Motorsports R8 LMS Ultra,650000
2013,Audi,R8 Coupe V10 plus 5.2 FSI quattro,198000
2013,Audi,RS 4 Avant,83000
2012,Aston Martin,Virage,"200,000"
2012,Aston Martin,Vanquish (Ltd. Ed.),"380,000"
2011,Aston Martin,#6 Muscle Milk Aston Martin Lola,"2,500,000"
2011,Aston Martin,#009 Aston Martin Racing AMR One,"2,500,000"
2011,Aston Martin,Cygnet,"45,000"
2011,Aston Martin,V12 Zagato (Villa d'Este),"360,000"
2011,Audi,RS 5 Coupe,88000
2010,Aston Martin,V12 Vantage,"270,000"
2010,Aston Martin,Rapide,"200,000"
2009,Aston Martin,#007 Aston Martin Lola,"2,500,000"
2008,Aston Martin,#008 Bell Motorsports DBR9,"400,000"
2008,Aston Martin,#009 Aston Martin Racing DBR9,"1,100,000"
2008,Aston Martin,DBS,"270,000"
2008,Aston Martin,Team Forza DBS,"270,000"
2006,Aston Martin,#007 Aston Martin Racing DBR9,"650,000"
2005,Aston Martin,Forza Motorsport DB9 Coupe,"350,000"
2005,Aston Martin,DB9 Coupe,"130,000"
2003,Aston Martin,DB7 Zagato,"250,000"
2001,Aston Martin,V12 Vanquish,"90,000"
2011,Audi,RS 3 Sportback,42000
2006,Audi,RS 4,53000
1960,Aston Martin,DB4 GT Zagato,"2,500,000"
1958,Aston Martin,DBR1,"1,900,000"
1995,Audi,RS 2 Avant,50000
1986,Audi,#2 Audi Sport quattro S1,375000
1983,Audi,Sport quattro,175000
2014,BAC,Mono,160000
2015,Audi,RS 6 Avant,"130,000"
2015,Audi,S3 Sedan,"49,000"
2015,Audi,Team Forza TTS Coupe,"40,000"
2014,BAC,Mono Horizon Edition,210000
2014,Audi,#2 Audi Team Joest R18 e-tron quattro,"1,500,000"
2014,Audi,#67 Rotek Racing S3 Saloon,"300,000"
2015,Baldwin,#97 Monster Energy Trophy Truck,600000
2017,Bentley,Continental Supersports,200000
2013,Audi,RS 7 Sportback,"110,000"
2013,Audi,S4,"57,000"
2013,Audi,Team Forza R8 Coupe V10 plus 5.2 FSI quattro,"150,000"
2013,Audi,Team Forza RS 7 Sportback,"110,000"
2012,Audi,R8 GT Spyder,"215,000"
2012,Audi,#1 Audi Sport Team Joest R18 e-tron quattro,"1,300,000"
2011,Audi,#4 Forza Motorsport R10 TDI,"2,500,000"
2011,Audi,#2 Audi Sport Team Joest R18 TDI,"2,500,000"
2011,Audi,#02 Audi A4 Touring Car,"1,200,000"
2011,Audi,#03 Audi A4 Touring Car,"1,200,000"
2011,Audi,#04 Audi A4 Touring Car,"1,200,000"
2011,Audi,#05 Audi A4 Touring Car,"1,200,000"
2011,Audi,#06 Audi A4 Touring Car,"1,200,000"
2016,Bentley,Bentayga,180000
2015,Bentley,EXP 10 Speed 6 Concept,550000
2011,Audi,R8 GT,"195,000"
2011,Audi,#2 Audi Sport Team Joest R15++ TDI,"1,300,000"
2011,Audi,RS 3 Sportback (Ltd. Ed.),"65,000"
2010,Audi,Forza Motorsport R8 5.2 FSI quattro,"300,000"
2010,Audi,Forza Ultimate R8 5.2 FSI quattro,"149,000"
2010,Audi,S4,"46,000"
2010,Audi,Forza Ultimate TT RS Coupe,"42,000"
2010,Audi,R8 5.2 Community Edition,
2010,Audi,TT RS Coupe,"52,000"
2010,Audi,R8 5.2 FSI Quattro,"130,000"
2010,Audi,R8 5.2 FSI Quattro (painted/tuned),"130,000"
2010,Audi,TT RS Coupe (Day One),"52,000"
2009,Audi,#2 Audi Sport Team Joest R15 TDI,"2,500,000"
2009,Audi,Forza Ultimate R15 TDI,"1,500,000"
2009,Audi,RS 6,
2009,Audi,R8 LMS,"900,000"
2009,Audi,Q7 V12 TDI,"100,000"
2008,Audi,#2 Audi Sport North America R10 TDI,"2,500,000"
2008,Audi,A4 Touring Car,"400,000"
2008,Audi,R8 4.2,"120,000"
2007,Audi,S5,"42,000"
2007,Audi,TT Coupe S-Line,"32,000"
2006,Audi,#8 Audi Sport Team Joest Audi R10 TDI,"2,000,000"
2014,Bentley,#7 M-Sport Bentley Continental GT3,650000
2006,Audi,#2 Audi Sport North America R8,"1,200,000"
2004,Audi,#8 Audi ABT TT-R,"1,200,000"
2004,Audi,TT Coupe 3.2 quattro,"16,000"
2004,Audi,#5 Audi Sport Japan Team Goh R8,"1,200,000"
2013,Bentley,Continental GT Speed,242000
2004,Audi,#88 Audi Sport UK Team Veloqx R8,"350,000"
2003,Audi,RS 6,
2003,Audi,#1 Champion RS6,"150,000"
2002,Audi,#1 Champion S4 Competition,"150,000"
2002,Audi,#1 Infineon Audi R8,"350,000"
2001,Audi,#4 Johansson Motorsport R8,"1,200,000"
2001,Audi,RS 4 Avant,
2001,Audi,#38 Champion R8,"500,000"
2000,Audi,AWE Tuning SilverBullet S4,"214,500"
2000,Audi,S4,"12,000"
2016,BMW,M4 GTS,135000
1989,Audi,#4 Audi 90 quattro IMSA GTO,"630,000"
2016,BMW,M2 Coupe (F22),69000
2015,BMW,i8,140000
1983,Audi,Sport quattro LCE Livery,"120,000"
1965,Austin-Healey,3000 MkIII,"50,000"
1958,Austin-Healey,Sprite MkI,"18,000"
1939,Auto Union,Type D,"1,700,000"
2015,BMW,X6 M,130000
2014,BMW,#55 BMW Team RLL Z4 GTE,650000
2014,BMW,M4 Coupe Horizon Edition,142000
2014,BMW,M4 Coupe (F82),92000
2014,BMW,M235i,72000
2013,BMW,M6 Coupe,120000
2012,BMW,M5 (F10),112000
2011,BMW,1 Series M Coupe,55000
2012,Bentley,Continental GT,"130,000"
2011,Bentley,Platinum Motorsports Continental GT,"550,000"
2010,Bentley,Continental Supersports,"250,000"
2004,Bentley,Continental GT,"190,000"
2003,Bentley,#7 Team Bentley Speed 8,"1,200,000"
2010,Bertone,Mantide,"1,000,000"
2011,BMW,Z4 sDrive35is,58000
2011,BMW,X5 M,100000
2008,BMW,M3 (E92),48000
2005,BMW,M3 (E46),33000
1997,BMW,M3 (E36) Horizon Edition,85000
1997,BMW,M3 (E36),35000
2014,BMW,#5 Ebay Motors 125i M Sport,"300,000"
2014,BMW,#56 BMW Team RLL Z4 GTE,"650,000"
2014,BMW,Team Forza M4 Coupe,"85,000"
1995,BMW,M5 (E34),25000
2013,BMW,M135i,"42,000"
2013,BMW,M Performance M3 Racing,"875,000"
1991,BMW,M3 (E30),70000
2012,BMW,M5 F10 Design Challenge,"90,000"
2012,BMW,Z4 sDrive28i,"55,000"
2012,BMW,Team Forza M5,"98,000"
1988,BMW,M5 (E28),54000
1986,BMW,M635CSi,52000
1981,BMW,M1,585000
1973,BMW,2002 Turbo,26000
2010,BMW,#79 Jeff Koons M3 GT2 Art Car,"1,000,000"
2010,BMW,Z4 GT3,"900,000"
2010,BMW,M3 GTS,"140,000"
2010,BMW,M6 Coupe,"95,000"
2010,BMW,M6 Coupe Design Challenge,"95,000"
2010,BMW,X6 M,"85,000"
2009,BMW,M5 E60,"84,000"
2009,BMW,135i Coupe,"36,000"
2009,BMW,X5 xDrive48i,"55,000"
2009,BMW,GAME M3 E92,
2009,BMW,Gamestop M5 E60,
2009,BMW,Micromania M5 E60,
2009,BMW,Walmart M5 E60,
2009,BMW,#92 Rahal Letterman Racing M3 GT2,"650,000"
1959,BMW,507,1250000
2008,BMW,M3 E92 Design Challenge,"52,000"
2008,BMW,Z4 M Coupe,"46,000"
2008,BMW,Z4 M Coupe Design Challenge,"46,000"
2005,BMW,#2 BMW M3 GTR,"900,000"
1957,BMW,Isetta 300 Export,45000
2003,BMW,#42 M3-GTR,"387,000"
2003,BMW,#43 M3-GTR,"387,000"
2003,BMW,M5 (E39),"32,000"
2002,BMW,M3-GTR,"120,000"
2002,BMW,Z3 M Coupe,"15,000"
2001,BMW,#6 Prototype Technology Group M3 GTR,"900,000"
2012,Bowler,EXR S,200000
2000,BMW,Z8,"140,000"
1999,BMW,#15 BMW V12 LMR,"1,100,000"
1999,BMW,#16 BMW V12 LMR,"1,100,000"
2011,Bugatti,Veyron Super Sport,2200000
1992,Bugatti,EB110 Super Sport,1700000
1997,BMW,#42 McLaren F1-GTR,"500,000"
1987,Buick,Regal GNX,130000
1995,BMW,850CSi,"35,000"
2016,Cadillac,CTS-V Sedan,80000
2016,Cadillac,ATS-V,65000
2012,Cadillac,Escalade ESV,90000
2011,Cadillac,CTS-V Coupe,63000
1981,BMW,M1 Design Challenge,"150,000"
1979,BMW,#6 BMW Motorsport M1 Procar,"600,000"
1975,BMW,#25 BMW Motorsport 3.0 CSL,"650,000"
1975,BMW,#93 Herve Poulain 3.0 CSL,"650,000"
2013,Caterham,Superlight R500,82000
1971,BMW,3.0 CSL,"120,000"
2017,Chevrolet,Camaro ZL1,60000
2016,Chevrolet,Camaro Super Sport,45000
2015,Chevrolet,Corvette [C7] Z06,110000
1967,Brabham,BT24,"1,200,000"
2015,Chevrolet,Corvette [C7] Z06 Horizon Edition,160000
2009,Bugatti,Veyron 16.4,"1,400,000"
2015,Chevrolet,Camaro Z/28,86000
2014,Chevrolet,#3 Corvette Racing Corvette C7.R,650000
1970,Buick,GSX,"77,000"
2014,Chevrolet,Super Sport,55000
2009,Chevrolet,Corvette [C6] ZR1,125000
2013,Cadillac,XTS Limousine,"75,000"
2002,Chevrolet,Corvette [C5] Z06,35000
1995,Chevrolet,Corvette [C4] ZR-1,45000
2009,Cadillac,CTS-V,"58,000"
2008,Cadillac,#8 Remington Shaving CTS-V,"180,000"
2004,Cadillac,#16 Team Cadillac CTS-V,"180,000"
2004,Cadillac,CTS-V,"32,000"
2002,Cadillac,#6 Team Cadillac Northstar LMP-02,"2,200,000"
1959,Cadillac,Eldorado Biarritz Convertible,"180,000"
2013,Caparo,T1,"400,000"
1990,Chevrolet,Camaro IROC-Z,25000
1966,Chaparral,#66 Chaparral Cars 2E,"1,000,000"
1988,Chevrolet,Monte Carlo Super Sport,25000
1979,Chevrolet,Camaro Z28,35000
2016,Chevrolet,#1 Chip Ganassi Racing McDonald's Super Sport,"1,500,000"
2016,Chevrolet,#10 Stewart-Haas Racing Nature's Bakery Super Sport,"1,500,000"
2016,Chevrolet,#14 Stewart-Haas Racing Mobil 1 Super Sport,"1,500,000"
2016,Chevrolet,#24 Hendrick Motorsports NAPA Super Sport,"1,500,000"
2016,Chevrolet,#4 Stewart-Haas Racing Jimmy Johnâ€™s Super Sport,"1,500,000"
2016,Chevrolet,#4 Stewart-Haas Racing Outback Steakhouse Super Sport,"1,500,000"
2016,Chevrolet,#41 Stewart-Haas Racing Haas Automation Super Sport,"1,500,000"
2016,Chevrolet,#42 Chip Ganassi Racing Target Super Sport,"1,500,000"
2016,Chevrolet,#48 Hendrick Motorsports Lowe's Super Sport,"1,500,000"
2016,Chevrolet,#5 Hendrick Motorsports FARMERS Insurance Super Sport,"1,500,000"
2016,Chevrolet,#5 Hendrick Motorsports Great Clips Super Sport,"1,500,000"
2016,Chevrolet,#88 Hendrick Motorsports Nationwide Insurance Super Sport,"1,500,000"
1971,Chevrolet,Vega GT,75000
1970,Chevrolet,Chevelle Super Sport 454 Horizon Edition,130000
1970,Chevrolet,Corvette [C3] ZR-1,310000
2015,Chevrolet,#1 Team Penske IndyCar,"1,400,000"
2015,Chevrolet,#10 Wayne Taylor Racing Corvette Daytona Prototype,"1,250,000"
2015,Chevrolet,#67 CFH Racing IndyCar,"1,400,000"
2015,Chevrolet,#9 Target Chip Ganassi Racing IndyCar,"1,400,000"
1970,Chevrolet,El Camino Super Sport 454,65000
2014,Chevrolet,#4 ROAL Motorsport RML Cruze TC1 WTCC,"300,000"
1970,Chevrolet,Camaro Z28,53000
2014,Chevrolet,Corvette Stingray,"65,000"
2013,Chevrolet,#1 Andretti Autosport Dallara DW12,"1,300,000"
2013,Chevrolet,#12 Team Penske Dallara DW12,"1,300,000"
2012,Chevrolet,Camaro ZL1,"51,000"
2012,Chevrolet,Camaro ZL1 (#88 Mt Dew Xbox livery),"51,000"
2011,Chevrolet,#04 Chevrolet Racing Monte Carlo SS Stock Car,"900,000"
2011,Chevrolet,Volt,"33,000"
2011,Chevrolet,Spark,"10,000"
2011,Chevrolet,#4 Corvette Racing ZR1,"650,000"
2010,Chevrolet,#55 Level 5 Motorsports Oreca FLM09,"2,000,000"
2010,Chevrolet,#89 Intersport Racing Oreca FLM09,"2,000,000"
2010,Chevrolet,#99 Green Earth Team Gunnar Oreca FLM09,"2,000,000"
2010,Chevrolet,Corvette Grand Sport Convertible,"60,000"
2010,Chevrolet,Corvette Grand Sport (C6),"55,000"
2010,Chevrolet,Camaro SS,"36,000"
2010,Chevrolet,Cobalt SS Turbocharged,"18,000"
1970,Chevrolet,Chevelle Super Sport 454,80000
2009,Chevrolet,Aveo5 LT,"9,000"
2008,Chevrolet,Monte Carlo SS Stock Car,"180,000"
2007,Chevrolet,#4 Corvette Racing C6.R,"600,000"
2006,Chevrolet,#4 Corvette Racing C6.R,"1,100,000"
2006,Chevrolet,Corvette (C6) Z06,"48,000"
2005,Chevrolet,#31 Whelen Engineering Corvette Z06,"200,000"
2005,Chevrolet,#99 Tiger Racing Corvette Z06,"200,000"
2005,Chevrolet,Cobalt SS Coupe,"10,000"
2005,Chevrolet,Corvette C6,"58,000"
2004,Chevrolet,#3 Corvette Racing C5.R,"1,100,000"
2003,Chevrolet,#50 Corvette Racing C5.R,"500,000"
2003,Chevrolet,Corvette Guldstrand Edition,
2003,Chevrolet,#73 3R-Racing Corvette Z06,"200,000"
2002,Chevrolet,Lingenfelter 427 Corvette,
1969,Chevrolet,Camaro Super Sport Coupe Horizon Edition,160000
2002,Chevrolet,Camaro 35th Anniversary Super Sport,"29,000"
1996,Chevrolet,Corvette (C4) Grand Sport,"30,000"
1996,Chevrolet,Impala SS,"9,000"
1969,Chevrolet,Camaro Super Sport Coupe,110000
1967,Chevrolet,Corvette [C2] Stingray 427,150000
1990,Chevrolet,#30 Douglas Shierson Racing Lola T90/00,"700,000"
1967,Chevrolet,Chevelle Super Sport 396,83000
1966,Chevrolet,Nova Super Sport,70000
1964,Chevrolet,Impala Super Sport 409,46000
1960,Chevrolet,Corvette [C1],150000
1957,Chevrolet,Bel Air,130000
1953,Chevrolet,Corvette [C0],135000
2012,Chrysler,300 SRT8,50000
1972,Chrysler,VH Valiant Charger R/T E49,60000
1970,Datsun,510,25000
1969,Chevrolet,Camaro Z28,"12,000"
1969,Chevrolet,Corvair Monza,"12,000"
1969,Chevrolet,Nova Super Sport 396,"60,000"
1969,Datsun,2000 Roadster,25000
2016,Dodge,Viper ACR,130000
2015,Dodge,Challenger SRT Hellcat  Pre-Order Car,75000
2015,Dodge,Charger SRT Hellcat,80000
1963,Chevrolet,Corvette Grand Sport F&F Edition,"350,000"
2015,Dodge,Challenger SRT Hellcat,75000
2015,Dodge,Challenger SRT Hellcat Horizon Edition,125000
2014,Dodge,#93 SRT Motorsports Viper GTS-R,650000
2013,Dodge,Dart [PF],22000
2008,Chrysler,300C SRT-8,"25,000"
2006,Chrysler,Crossfire SRT6,"15,000"
2005,Chrysler,ME Four-Twelve Concept,"250,000"
2004,Chrysler,PT Cruiser GT,"8,000"
2008,Dodge,Viper SRT10 ACR Horizon Edition,190000
2069,Chryslus,Rocket 69,"1,000,000"
2011,Citroen,DS4,"38,000"
2011,Citroen,DS3,"24,000"
2011,Citroen,C1,"10,000"
2011,Citroen,DS3 Racing,"38,000"
2009,Citroen,C4 VTS,"22,000"
1979,Datsun,#33 Bob Sharp Racing 280ZX Turbo,"2,000,000"
2008,Dodge,Viper SRT10 ACR,140000
1999,Dodge,Viper GTS ACR,75000
1971,De Tomaso,Pantera,"45,000"
2010,Devon,GTX GT3,"300,000"
1982,DMC DeLorean,DMC-12,"14,000"
1970,Dodge,Challenger R/T,210000
1969,Dodge,Charger Daytona HEMI,900000
1969,Dodge,Charger R/T,103000
1968,Dodge,Dart HEMI Super Stock Horizon Edition,175000
1968,Dodge,Dart HEMI Super Stock,125000
2015,Dodge,Challenger R/T F&F Edition,"65,000"
2015,Dodge,Challenger SRT Hellcat Battletoads Edition,"75,000"
2015,Dodge,Charger R/T F&F Edition,"45,000"
2015,Dodge,Team Forza Challenger SRT Hellcat,"75,000"
2013,Donkervoort,D8 GTO,175000
2012,Dodge,Charger SRT8 LCE Livery,"38,000"
2012,Dodge,Challenger SRT8 392,"44,000"
2012,Dodge,Challenger SRT8 392 (Day One livery),"40,000"
2012,Dodge,Charger SRT8,"41,000"
2010,Dodge,"Quinton ""Rampage"" Jackson Challenger SRT8 ","95,000"
2009,Dodge,Challenger SRT8,"38,000"
2015,Ferrari,F12tdf,500000
2015,Ferrari,488 GTB,290000
2008,Dodge,#11 Primetime Racing Group Viper CC,"900,000"
2008,Dodge,#2 Mopar Viper Competition Coupe,"900,000"
2008,Dodge,Xbox 360 Charger Stock Car,"140,000"
2008,Dodge,Charger Stock Car,"140,000"
2006,Dodge,Challenger Concept,
2006,Dodge,Charger SRT8,"24,000"
2006,Dodge,Ram SRT10,"24,000"
2005,Dodge,#77 Team Zakspeed Viper ACR,
2005,Dodge,SRT4 ACR,"23,000"
2004,Dodge,#22 3R-Racing Viper Comp Coupe,"300,000"
2003,Dodge,#126 Team Zakspeed Viper GTS-R,"1,100,000"
2003,Dodge,Viper Competition Coupe,"900,000"
2003,Dodge,#23 Magellan Financial Viper Comp Coupe,"300,000"
2003,Dodge,Viper SRT-10,"42,000"
2003,Dodge,SRT4,"9,000"
2002,Dodge,#1 Team Zakspeed Viper GTS-R,"400,000"
2001,Dodge,#58 Larbre Competition Viper GTS-R,
2000,Dodge,Hennessey Viper 800TT,
2000,Dodge,#91 Viper Team Oreca GTS-R,"1,100,000"
2000,Dodge,#57 Carsport Holland Viper GTS-R,"400,000"
2015,Ferrari,488 GTB Pre-Order Edition,290000
1996,Dodge,Stealth R/T Turbo,"8,000"
1986,Dodge,Shelby Omni GLHS,"5,000"
2014,Ferrari,FXX K,2700000
1970,Dodge,Challenger R/T Hemi,"150,000"
1970,Dodge,Charger R/T F&F Edition,
1970,Dodge,Coronet Super Bee,"200,000"
2014,Ferrari,#51 AF Corse 458 Italia GTE,650000
2014,Ferrari,California T,240000
1969,Dodge,Charger Daytona F&F Edition,"450,000"
2013,Ferrari,LaFerrari,1500000
2013,Ferrari,458 Speciale,340000
1968,Dodge,Charger F&F Edition,"140,000"
1967,Dodge,Coronet W023,"180,000"
2012,Ferrari,F12berlinetta,380000
2012,Eagle (U.K.),Speedster,"550,000"
1998,Eagle (U.S.),Talon TSi Turbo,"15,000"
1967,Eagle-Westlake,T1G,"1,200,000"
2011,Ferrari,FF,255000
2010,Ferrari,599XX,1000000
2010,Ferrari,599 GTO,690000
2009,Ferrari,458 Italia,225000
2008,Ferrari,California,150000
2007,Ferrari,430 Scuderia,300000
2014,Ferrari,#62 Risi Competizione 458 Italia GTLM,"650,000"
2003,Ferrari,Challenge Stradale (360 CS),200000
2002,Ferrari,Enzo Ferrari,2800000
2012,Ferrari,599XX Evoluzione,"2,600,000"
2002,Ferrari,575M Maranello,140000
1996,Ferrari,F50 GT,1200000
2011,Ferrari,458 Challenge,"357,000"
2011,Ferrari,458 Spider,"257,000"
2011,Ferrari,#62 Risi Competizione F458 Italia GTC,"650,000"
1995,Ferrari,F50,2000000
1994,Ferrari,F355 Berlinetta,190000
2010,Ferrari,#83 Risi Competizione F430GT,"1,000,000"
2010,Ferrari,#89 Hankook Team Farnbacher F430GT,"1,000,000"
1992,Ferrari,512 TR,270000
2009,Ferrari,Team Forza 458 Italia,"270,000"
2008,Ferrari,#90 Farnbacher Racing F430GT,"1,000,000"
1987,Ferrari,F40,1200000
2008,Ferrari,#71 Tafel Racing F430 GT,"380,000"
1984,Ferrari,288 GTO,3100000
2006,Ferrari,#62 Risi Competizione F430GT,"1,000,000"
2006,Ferrari,599 GTB Fiorano,"310,000"
2005,Ferrari,#11 Larbre Competition 550 Maranello GTS,"600,000"
2005,Ferrari,FXX,"2,500,000"
2004,Ferrari,F430,"150,000"
2004,Ferrari,612 Scaglietti,"130,000"
1969,Ferrari,Dino 246 GT,425000
2003,Ferrari,#72 Team Alphand Aventures 550 Maranello GTS,"600,000"
2003,Ferrari,#88 Veloqx / Prodrive Racing 550 Maranello,"600,000"
1968,Ferrari,365 GTB/4,600000
1967,Ferrari,330 P4,2300000
1999,Ferrari,360 Modena,"90,000"
1998,Ferrari,#12 Risi Competizione F333 SP,"1,200,000"
1998,Ferrari,#30 MOMO Doran Racing F333 SP,"1,200,000"
1998,Ferrari,355 GTS,"79,000"
1963,Ferrari,250LM,10000000
1995,Ferrari,F355 Challenge,"75,000"
1962,Ferrari,250 GTO,10000000
1962,Ferrari,250 GT Berlinetta Lusso,2600000
1990,Ferrari,#1 Scuderia Ferrari 641,"1,000,000"
1989,Ferrari,F40 Competizione,"1,500,000"
1957,Ferrari,250 Testa Rossa,10000000
1957,Ferrari,250 California,8000000
1982,Ferrari,#71 Ferrari France 512 BB/LM,"880,000"
1982,Ferrari,#72 N.A.R.T. 512 BB/LM,"880,000"
1976,Ferrari,#1 Scuderia Ferrari 312 T2,"1,700,000"
1971,Ferrari,#2 Ferrari Automobili 312 P,"1,000,000"
1953,Ferrari,500 Mondial,1000000
1948,Ferrari,166MM Barchetta,6500000
1980,FIAT,124 Sport Spider,25000
1964,Ferrari,F-158 F1,"2,000,000"
1964,Ferrari,250 GTO,"10,000,000"
1975,FIAT,X1/9,25000
1969,FIAT,Dino 2.4 Coupe,60000
1952,FIAT,8V Supersonic,1800000
2017,Ford,GT Horizon Edition,400000
2017,Ford,GT,400000
2017,Ford,Focus RS,43000
1952,Ferrari,375,"1,700,000"
2017,Ford,Focus RS Horizon Edition,93000
2010,FIAT,Punto Evo SPORT,"20,000"
2000,FIAT,Coupe 2.0 20V Turbo,"7,000"
2017,Ford,F-150 Raptor Horizon Edition,113000
2017,Ford,F-150 Raptor,63000
2017,Ford,F-150 Raptor Race Truck,63000
2016,Ford,#66 Ford Racing GT Le Mans,650000
2016,Ford,#55 Supercheap Falcon FG X,650000
2016,Ford,Gymkhana 9 Focus RS RX,500000
2016,Ford,Shelby GT350R,75000
2015,Ford,#17 Xbox Racing Ford Falcon FG X,650000
2015,Ford,Falcon GT F 351,60000
2015,Ford,Falcon XR8,60000
2017,Ford,GT Nutri-Grain Edition,
2014,Ford,#11 Rockstar Energy F-150 Trophy Truck,600000
2014,Ford,Ranger T6 Rally Raid,875000
2014,Ford,FPV Limited Edition Pursuit Ute Horizon Edition,100000
2014,Ford,FPV Limited Edition Pursuit Ute,50000
2014,Ford,Fiesta ST,25000
2016,Ford,#2 Team Penske Alliance Truck Parts Fusion,"1,500,000"
2016,Ford,#2 Team Penske Brad K. Fusion,"1,500,000"
2016,Ford,#22 Team Penske AAA Fusion,"1,500,000"
2016,Ford,#22 Team Penske Shell-Pennzoil Fusion,"1,500,000"
2013,Ford,Shelby GT500,115000
2013,Ford,F-150 SVT Raptor Shelby,85000
2015,Ford,#02 Chip Ganassi Racing Riley Mk XXVI Daytona Prototype,"1,250,000"
2015,Ford,#5 Pepsi Max Crew PRA Falcon FG X,"600,000"
2015,Ford,Mustang GT,"50,000"
2015,Ford,Team Forza Mustang GT,"50,000"
2013,Ford,Focus ST,35000
2011,Ford,F-150 SVT Raptor,42000
2011,Ford,Transit SuperSportVan,50000
2010,Ford,Crown Victoria Police Interceptor,25000
2009,Ford,Focus RS,44000
2014,Ford,Fiesta ST (Day One livery),"24,000"
2005,Ford,GT,300000
2003,Ford,Focus RS,30000
2013,Ford,Shelby GT500 Rockstar Energy edition,"55,000"
2013,Ford,Mustang Boss 302: Pizza Hut edition,"42,000"
2013,Ford,Mustang Boss 302,"42,000"
2013,Ford,Focus ST (Day One),"35,000"
2013,Ford,Formula Ford EcoBoost 200,"100,000"
2013,Ford,Shelby GT500 (Ltd. Ed.),"60,000"
2011,Ford,#05 Ford Racing Fusion Stock Car,"900,000"
2011,Ford,#17 Dick Johnson Racing Team FG Falcon,"900,000"
2011,Ford,#19 Mother Energy Racing Team FG Falcon,"900,000"
2011,Ford,#4 IRWIN Racing FG Falcon,"900,000"
2011,Ford,#9 SP Tools Racing FG Falcon,"900,000"
2000,Ford,SVT Cobra R,55000
1995,Ford,SVT Cobra R,29000
2011,Ford,F-150 SVT Raptor Halo edition,"42,000"
2011,Ford,F-150 SVT Raptor LCE Livery,"42,000"
2011,Ford,Ka,"10,000"
2011,Ford,#5 Ford Performance Racing FG Falcon,"600,000"
2011,Ford,F-150 SVT Raptor Cheetos Edition,na
1993,Ford,SVT Cobra R,28000
2010,Ford,Focus RS500,"50,000"
2010,Ford,Taurus SHO,"36,000"
2010,Ford,Fusion Sport,"28,000"
2010,Ford,Shelby GT500,
2009,Ford,#40 Robertson Racing Ford GT Mk7,"1,000,000"
2009,Ford,#1 TeamVodafone FG Falcon,"350,000"
2009,Ford,#25 Britek Motorsport FG Falcon,"350,000"
2009,Ford,#5 Ford Performance Racing FG Falcon,"350,000"
2009,Ford,#9 SP Tools Racing FG Falcon,"350,000"
1992,Ford,Escort RS Cosworth Horizon Edition,116000
1992,Ford,Falcon GT (EB),25000
2008,Ford,Fusion Stock Car,"150,000"
2007,Ford,Shelby GT500,"36,000"
2006,Ford,GTX1,"188,000"
2006,Ford,Focus ST,"14,000"
1992,Ford,Escort RS Cosworth,66000
1987,Ford,Sierra Cosworth RS500,66000
2005,Ford,Mustang GT,"18,000"
2004,Ford,#10 Tiger Racing Mustang,"150,000"
2003,Ford,FocusSport SVT Focus,"175,000"
1985,Ford,RS200 Evolution,260000
2003,Ford,SVT Focus,"7,000"
1981,Ford,Fiesta XR2,25000
1978,Ford,Mustang II King Cobra,25000
1977,Ford,Escort RS1800,88000
1975,Ford,Bronco,38000
1973,Ford,XB Falcon GT,60000
1973,Ford,Capri RS3100,55000
1973,Ford,Escort RS1600,73000
1972,Ford,Falcon XA GT-HO,80000
1971,Ford,Falcon XY GTHO Phase III,60000
1981,Ford,#2 Zakspeed Racing Capri Turbo,"620,000"
1981,Ford,#55 Liqui Moly equipe Capri Turbo,"620,000"
1969,Ford,Mustang Boss 302 Horizon Edition,280000
1969,Ford,Mustang Boss 302,230000
1977,Ford,Foyt #14 Gilmore Coyote,"2,000,000"
1967,Ford,Falcon XR GT,55000
1966,Ford,F-100 Flareside Abatti Racing Trophy Truck,300000
1966,Ford,GT40 MkII,3300000
1966,Ford,Lotus Cortina,50000
1973,Ford,Pinto,"5,000"
1956,Ford,F-100,36000
1946,Ford,Super Deluxe Station Wagon,75000
1971,Ford,Mustang Mach 1,"44,000"
1970,Ford,Mustang Boss 429,"120,000"
1970,Ford,Escort RS1600 F&F Edition,"100,000"
1969,Ford,Brawner Hawk III,"1,000,000"
1940,Ford,De Luxe Coupe,44000
1991,GMC,Syclone,25000
1983,GMC,Vandura G-1500,25000
1985,HDT,VK Commodore Group A,28000
2012,Hennessey,Venom GT,1200000
1966,Ford,Country Squire,"12,000"
1965,Ford,Mustang GT Coupe,"28,000"
1964,Ford,Fairlane Thunderbolt,"200,000"
1957,Ford,Thunderbird,"60,000"
2016,Holden,#22 Sharkbite HRT VF Commodore,650000
1988,Holden,VL Commodore Group A SV,46000
1977,Holden,Torana Horizon Edition,180000
1977,Holden,Torana A9X,130000
2015,Formula E,#10 Trulli Spark SRT_01E,"300,000"
2015,Formula E,#11 ABT FE 01,"300,000"
2015,Formula E,#2 Virgin Racing VIR 01E,"300,000"
2015,Formula E,#21 Mahindra  M2Electro,"300,000"
2015,Formula E,#23 Venturi 1,"300,000"
2015,Formula E,#27 Andretti Formula E Spark SRT_01E,"300,000"
2015,Formula E,#55 Amlin Aguri Spark SRT_01E,"300,000"
2015,Formula E,#6 Dragon Racing Spark SRT_01E,"300,000"
2015,Formula E,#9 e.dams-Renault Spark SRT_01E,"300,000"
2015,Formula E,#99 NEXTEV TCR FE01,"300,000"
1992,GMC,Typhoon,"12,000"
2012,Gumpert,Apollo Enraged,"800,000"
2010,Gumpert,Apollo S,"320,000"
1974,Holden,Sandman HQ panel van,55000
1973,Holden,HQ Monaro GTS 350,75000
1951,Holden,FX Sedan,33000
1951,Holden,50-2106 FX Ute,35000
2016,Honda,Civic Type R,38000
2015,Holden,#1 Red Bull Racing Australia VF Commodore,"600,000"
2015,Holden,#14 Freightliner Racing VF Commodore,"600,000"
2015,Holden,#22 Holden Racing Team VF Commodore,"600,000"
2015,Holden,#97 Tekno Autosports VF Commodore,"600,000"
2013,Holden,#10 Holden Xbox Racing Team Commodore VF,"600,000"
2011,Holden,#11 Pepsi Max Crew Commodore VE,"900,000"
2011,Holden,#33 Fujitsu Facing GRM Commodore VE,"900,000"
2011,Holden,#8 Team BOC Commodore VE,"900,000"
2011,Holden,#88 TeamVodafone Commodore VE,"900,000"
2011,Holden,#1 Toll Holden Racing Team Commodore VE,"600,000"
2009,Holden,#2 Toll Holden Racing Team Commodore VE,"350,000"
2009,Holden,#33 Garry Rogers Team Commodore VE,"350,000"
2009,Holden,#39 Supercheap Auto Racing Commodore VE,"350,000"
2009,Holden,#51 Sprint Gas Racing Commodore VE,"350,000"
2009,Holden,HSV w427,"110,000"
2009,Honda,S2000 CR,25000
2005,Honda,NSX-R,150000
2004,Honda,Civic Type-R,25000
1997,Honda,Civic Type R,25000
1992,Honda,NSX-R,90000
1970,Honda,S800,25000
2015,Honda,#14 AJ Foyt Enterprises IndyCar,"1,400,000"
2015,Honda,#15 Rahal Letterman Lanigan Racing IndyCar,"1,400,000"
2015,Honda,#25 Andretti Autosport IndyCar,"1,400,000"
2015,Honda,#27 Andretti Autosport IndyCar,"1,400,000"
2015,Honda,#28 Andretti Autosport IndyCar,"1,400,000"
2015,Honda,#5 Schmidt Peterson Motorsports IndyCar,"1,400,000"
2015,Honda,#7 Schmidt Peterson Motorsports IndyCar,"1,400,000"
2014,Honda,#2 Castrol Honda Civic WTCC,"300,000"
2014,Honda,#5 Zengo Motorsport Civic WTCC,"300,000"
2014,Honda,Civic Si,"25,000"
2013,Honda,Civic Si Coupe,"20,000"
2013,Honda,#15 Rahal Letterman Dallara DW12,"1,300,000"
2013,Honda,#9 Target Chip Ganassi Dallara DW12,"1,300,000"
2012,Honda,HPD Fit,"25,000"
2011,Honda,#33 Level 5 Motorsports Lola,"2,000,000"
2011,Honda,CR-Z EX,"21,000"
2010,Honda,Mugen Civic Type-R 3D,"55,000"
2009,Honda,Fit Sport,"12,000"
2007,Honda,Civic Type-R ,"20,000"
2006,Honda,Civic Si Coupe,"16,000"
2005,Honda,#18 Takata Dome NSX,"1,500,000"
2005,Honda,#8 ARTA NSX,"400,000"
2005,Honda,NSX-R GT,"900,000"
2005,Honda,Team Forza NSX-R,"110,000"
2004,Honda,Mugen Civic Type-R,"14,000"
2004,Honda,Wings West Civic Si,"38,000"
2004,Honda,Accord Coupe EX,
2003,Honda,#16 G'ZOX NSX,"400,000"
2003,Honda,Mugen S2000,
2003,Honda,S2000,"14,000"
2002,Honda,Mugen Integra Type-R,"14,000"
2002,Honda,Integra Type-R,"12,000"
2001,Honda,S2000 F&F Edition,"110,000"
2000,Honda,Aerogear Integra Type-R,"91,000"
2000,Honda,Integra Type-R,"8,000"
2000,Honda,Prelude SiR,"6,000"
1999,Honda,Civic Si Coupe,"7,000"
1995,Honda,CR-X Del Sol SiR,"5,000"
1994,Honda,Do-Luck NSX,"124,500"
1994,Honda,Civic 1.5 VTi,"5,000"
1994,Honda,Prelude Si,"14,000"
1991,Honda,CR-X SiR,"17,000"
1986,Honda,Civic Si,"12,000"
1984,Honda,Civic CRX Mugen,"55,000"
1967,Honda,RA300,"1,000,000"
1979,Hoonigan,"Baldwin Motorsports ""Loki"" K5 Blazer",250000
1955,Hoonigan,Chevrolet Bel Air,76000
1972,Hoonigan,"Chevrolet ""Napalm Nova""",50000
1965,Hoonigan,"Ford ""Hoonicorn"" Mustang",1000000
1978,Hoonigan,Ford Escort RS1800,150000
1992,Hoonigan,Mazda RX-7 Twerkstallion,30000
1991,Hoonigan,Rauh-Welt Begriff Porsche 911 Turbo,160000
2012,Hot Wheels,Rip Rod,75000
2011,Hot Wheels,Bone Shaker,150000
2005,Hot Wheels,Hot Wheels Mustang,50000
1969,Hot Wheels,Twin Mill,110000
2016,HSV,Limited Edition Gen-F GTS Maloo,62000
2014,HSV,GTS,75000
2011,HSV,GTS,"68,000"
1996,HSV,GTSR,85000
1952,Hudson,Hornet,"66,000"
2006,Hummer,H1 Alpha,112000
2006,Hummer,H1 Alpha Open Top,"128,000"
2013,Hyundai,Genesis Coupe 3.8 Track,32000
2013,Hyundai,Genesis Coupe,"35,000"
2013,Hyundai,Veloster Turbo,"24,000"
2011,Hyundai,#67 Rhys Millen Racing Veloster,"350,000"
2011,Hyundai,ix20,"10,000"
2010,Hyundai,Forza Motorsport Genesis Coupe,"1,500,000"
2010,Hyundai,Forza 3 Genesis Coup,"400,000"
2010,Hyundai,Rhys Millen Racing Genesis Coupe,"240,000"
2010,Hyundai,HKS Genesis Coupe ,"65,000"
2010,Hyundai,Genesis Coupe,"26,000"
2003,Hyundai,Tuscani Elisa,"8,000"
2003,Hyundai,Tiburon GT,"20,000"
2015,Infiniti,Q60 Concept,50000
2014,Infiniti,Q50 Eau Rouge,100000
2014,Infiniti,Q50S,"45,000"
2013,Infiniti,#77 Schmidt Peterson Motorsports Dallara IPS Indy Lights,"100,000"
2012,Infiniti,IPL G Coupe,52000
2008,Infiniti,G37 Coupe Sport,"32,000"
2003,Infiniti,G35 Coupe,"16,000"
1970,International,Scout 800A,40000
2017,Jaguar,F-PACE S,55000
2016,Jaguar,F-TYPE Project 7 Pre-Order,190000
2016,Jaguar,F-TYPE Project 7 Horizon Edition,240000
2016,Jaguar,F-TYPE Project 7,190000
2015,Jaguar,XKR-S GT,190000
2015,Jaguar,F-Type R Coupe,110000
2015,Jaguar,XFR-S,110000
2015,Jaguar,XE-S,57000
1993,Jaguar,XJ220 Horizon Edition,400000
1993,Jaguar,XJ220,350000
1990,Jaguar,XJ-S,25000
1961,Jaguar,E-type S1,150000
1959,Jaguar,Mk II 3.8,80000
1956,Jaguar,D-Type,2700000
1954,Jaguar,XK120 SE,120000
2014,Jaguar,#14 Emil Frey GT3 Jaguar XK,"600,000"
2012,Jaguar,XKR-S,"120,000"
2010,Jaguar,#33 RSR XKR GT,"1,000,000"
2010,Jaguar,XFR,"80,000"
2009,Jaguar,XKR-S,"100,000"
2007,Jaguar,XK Coupe,"65,500"
1988,Jaguar,#60 Castrol Jaguar Racing XJR-9,"1,000,000"
2016,Jeep,Trailcat,75000
2014,Jeep,Grand Cherokee SRT,80000
2013,Jeep,Wrangler Unlimited F&F Edition,
2012,Jeep,Wrangler Rubicon,50000
2012,Jeep,Grand Cherokee SRT8,"55,000"
2009,Jeep,Grand Cherokee SRT8,"39,000"
1991,Jeep,Grand Wagoneer,26000
1976,Jeep,CJ5 Renegade,60000
1945,Jeep,Willys MB,26000
2010,Joss,JT1,"400,000"
2011,Kia,cee'd,"15,000"
2010,Kia,Forte Koup SX,"18,000"
2013,KTM,X-Bow R,105000
2016,Koenigsegg,Regera,1900000
2015,Koenigsegg,One:1,2850000
2011,Koenigsegg,Agera,1500000
2009,Koenigsegg,CCX-R Edition,"1,000,000"
2008,Koenigsegg,CCGT,"1,500,000"
2006,Koenigsegg,CCX,"550,000"
2002,Koenigsegg,CC8S,"320,000"
2016,Lamborghini,Centenario LP 770-4,2300000
2016,Lamborghini,Aventador LP750-4 SV,480000
2015,Lamborghini,#63 Squadra Corse Huracan LP620-2 Super Trofeo,600000
2014,Lamborghini,Huracan LP 610-4,240000
2014,Lamborghini,Huracan LP 610-4 Horizon Edition,290000
2014,Lamborghini,Urus,150000
2013,Lamborghini,Veneno,4500000
2012,Lamborghini,Aventador LP700-4,310000
2011,Lamborghini,Sesto Elemento,2500000
2011,Lamborghini,Gallardo LP570-4 Superleggera,180000
2010,Lamborghini,Murcielago LP670-4 SV,500000
2008,Lamborghini,Reventon,1375000
1997,Lamborghini,Diablo SV,174000
2014,Lamborghini,#14 GMG Racing LP 570-4 Super Trofeo,"380,000"
2014,Lamborghini,#18 DragonSpeed Gallardo LP 570-4 Super Trofeo,"380,000"
2014,Lamborghini,Team Forza Huracan LP 610-4,"300,000"
1988,Lamborghini,Countach LP5000 QV Horizon Edition,270000
1988,Lamborghini,Countach LP5000 QV,220000
2012,Lamborghini,Aventador J,"2,700,000"
2012,Lamborghini,Gallardo LP570-4 Spyder Performante,"280,000"
1988,Lamborghini,Jalpa,85000
1986,Lamborghini,LM 002,180000
2011,Lamborghini,#08 West Yokohama Gallardo LP560-4,"1,000,000"
2011,Lamborghini,Gallardo LP570-4 Superleggera (Day One),"300,000"
1967,Lamborghini,Miura P400,1000000
2009,Lamborghini,Reventon Roadster,"2,100,000"
2007,Lamborghini,Gallardo Superleggera,"210,000"
2007,Lamborghini,Murcielago LP640,"300,000"
2006,Lamborghini,Miura Concept,"420,000"
2005,Lamborghini,Gallardo,"110,000"
2005,Lamborghini,Murcielago,"180,000"
1999,Lamborghini,Diablo GTR,"200,000"
1992,Lancia,Delta HF Integrale EVO,60000
1986,Lancia,Delta S4,146000
1985,Lancia,Delta S4 Group B,490000
1982,Lancia,037 Stradale,375000
1975,Lancia,Stratos HF Group 4,490000
1974,Lancia,Stratos HF Stradale,550000
1968,Lancia,Fulvia Coupe Rallye 1.6 HF,60000
2015,Land Rover,Range Rover Sport SVR,133000
2014,Land Rover,Range Rover Supercharged,102000
1997,Land Rover,Defender 90,65000
1972,Land Rover,Series III,25000
1980,Lancia,#31 Lancia Corse Beta Montecarlo Turbo,"500,000"
2015,Lexus,RC F,75000
2014,Lexus,IS 350 F Sport,52000
2013,Lexus,GS350 F Sport,66000
2010,Lexus,LFA,400000
2009,Lexus,IS F,72000
2012,Land Rover,Range Rover Supercharged,"71,000"
2008,Land Rover,Range Rover Supercharged,"68,000"
1997,Lexus,SC300,25000
2014,Local Motors,Rally Fighter,100000
1969,Lola,#6 Penske Sunoco T70 MkIIIB,850000
2016,Lotus,3-Eleven,150000
2012,Lotus,Exige S,85000
2012,Lexus,LFA Nurburgring Edition,"440,000"
2011,Lexus,CT200h,"25,000"
2010,Lexus,#1 Petronas Tom's SC430,"1,500,000"
2011,Lotus,Evora S,43000
2009,Lotus,2-Eleven,70000
2008,Lexus,#25 Eclipse Advan SC430,"1,500,000"
2008,Lexus,#6 Eneos SC430,"1,500,000"
2008,Lexus,#36 Petronas Tom's SC430,"600,000"
2006,Lexus,IS350,"22,000"
2003,Lexus,Foose Design IS430 Project Car,"127,000"
2003,Lexus,IS300,"12,000"
2002,Lexus,SC430,"18,000"
2005,Lotus,Elise 111S,32000
1962,Lincoln,Continental,"55,000"
2002,Lotus,Esprit V8,42000
2000,Lotus,340R,40000
1969,Lola,#10 Simoniz Special T163,"850,000"
2015,Lotus,E23,"2,000,000"
2013,Lotus,E21,"2,000,000"
1956,Lotus,Eleven,140000
2014,Maserati,Ghibli S Q4,91000
2010,Maserati,GranTurismo S,156000
2009,Lotus,Evora Type 124 Endurance Racecar,"350,000"
2009,Lotus,Evora,"90,000"
2006,Lotus,Exige Cup 240,"32,000"
2004,Maserati,MC12,1000000
2005,Lotus,Exige,"69,000"
2005,Lotus,Elise,"28,000"
2005,Lotus,Exige Espionage,
2003,Lotus,Elise 135R,"35,000"
1961,Maserati,Tipo 61 Birdcage,2400000
1957,Maserati,300 S,1900000
1999,Lotus,Elise Series 1 Sport 190,"37,000"
1980,Lotus,Esprit Turbo,"46,000"
1976,Lotus,#5 Team Lotus 77,"1,700,000"
1971,Lotus,Elan Sprint,"33,000"
1967,Lotus,Type 49,"1,200,000"
1953,Maserati,A6GCS/53 PininFarina Berlinetta,2000000
2016,Mazda,MX-5,35000
2014,Maserati,#35 M.Calamia Swiss Team MC Trofeo,"180,000"
2014,Maserati,Ghibli S F&F Edition,
2011,Maserati,Quattroporte Sport GT S,"130,000"
2013,Mazda,MX-5,26000
2010,Maserati,GranTurismo MC GT4,"220,000"
2008,Maserati,MC12 Versione Corsa,"1,800,000"
2008,Maserati,GranTurismo,"90,000"
2006,Maserati,MC12 Corsa,"250,000"
2006,Maserati,GranSport,"50,000"
2005,Maserati,#9 Vitaphone Racing Team MC12,"700,000"
2005,Maserati,#35 Risi Competizione MC12,"700,000"
2005,Maserati,#15 JMB Racing MC12,"1,100,000"
2011,Mazda,RX-8 R3,27000
1997,Maserati,Ghibli Cup,"27,000"
2010,Mazda,Mazdaspeed 3,35000
2005,Mazda,Mazdaspeed MX-5,25000
1939,Maserati,8CTF,"1,500,000"
1997,Mazda,RX-7 [FD],35000
2016,Mazda,MX-5 Pringles Edition,"35,000"
2016,Mazda,Team Forza MX-5,"35,000"
2015,Mazda,Formula Mazda,"100,000"
2014,Mazda,#70 SpeedSource Lola B12/80,"1,200,000"
1994,Mazda,MX-5 Miata,25000
2013,Mazda,#7 Andretti Autosport USF2000,"100,000"
2013,Mazda,MX-5 Cup,"49,000"
1990,Mazda,Savanna RX-7 [FC],25000
2011,Mazda,2,"14,000"
2010,Mazda,#16 Dyson Racing B09/86,"2,000,000"
1972,Mazda,Cosmo 110S Series II,110000
2010,Mazda,MX-5 Superlight,"28,000"
2015,McLaren,650S Coupe,420000
2010,Mazda,Super20,
2009,Mazda,#16 Dyson Racing B09/86,"2,000,000"
2009,Mazda,Mazdaspeed 3,"17,000"
2008,Mazda,Furai,"1,000,000"
2007,Mazda,MX-5 Roadster Coupe (Gen 3),"15,000"
2015,McLaren,570S Coupe,224000
2005,Mazda,Axela Sport 23S,"12,000"
2004,Mazda,RX-8 Mazdaspeed,"20,000"
2004,Mazda,3 Sport,"20,000"
2004,Mazda,RX-8,"23,000"
2003,Mazda,Protege MAZDASPEED,"20,000"
2002,Mazda,RX-7 Spirit-R Type A,"26,000"
2002,Mazda,RX-7 Spirit-R,"40,000"
2001,Mazda,Mazdaspeed Roadster (Gen 2),"13,000"
2001,Mazda,Mazdaspeed Familia,"6,000"
2000,Mazda,Miata MX-5 1.8i Sport,"20,000"
2000,Mazda,MX-5 MAZDASPEED,"21,000"
2013,McLaren,P1,1350000
1995,Mazda,RE-Amemiya RX-7,"222,500"
1995,Mazda,AB Flug RX-7,"128,000"
1995,Mazda,INGS RX-7,"119,000"
1995,Mazda,RX-7 Turbo,"30,000"
1997,McLaren,F1 GT,5200000
1991,Mazda,#18 787B,"1,200,000"
1991,Mazda,#55 787B,"1,200,000"
1991,Mazda,#62 Mazda Motorsport RX-7,"650,000"
1993,McLaren,F1,2000000
1990,Mazda,MX-5 Miata,
1990,Mazda,RX-7 Turbo,
1985,Mazda,RX-7 GSL-SE,"12,000"
1973,Mazda,RX-3,"12,000"
2017,Mercedes-AMG,GT R,200000
2016,Mercedes-AMG,C 63 S Coupe Pre-Order Edition,90000
2016,Mercedes-AMG,C 63 S Coupe,90000
2015,McLaren,P1 GTR,"1,500,000"
2014,McLaren,#60 Bhaitech 12C GT3,"650,000"
2014,McLaren,#98 ART Grand Prix 12C GT3,"650,000"
2015,Mercedes-AMG,GT S,157000
2013,McLaren,P1 (Ltd. Ed.),"780,000"
2013,McLaren,Team Forza P1,"780,000"
2011,McLaren,MP4-12C,"240,000"
2011,McLaren,#59 McLaren GT 12C GT3,"650,000"
2011,McLaren,MP4-12C (livery),"240,000"
1998,McLaren,#41 Gulf Team Davidoff McLaren F1 GTR,"1,500,000"
2013,Mercedes-Benz,E 63 AMG,105000
1997,McLaren,#43 Team BMW McLaren F1 GTR,"1,500,000"
1997,McLaren,#41 Team McLaren F1 GTR,"1,200,000"
2013,Mercedes-Benz,A 45 AMG Horizon Edition,65000
1988,McLaren,#12 Honda McLaren MP4/4,"2,000,000"
1976,McLaren,#11 Team McLaren M23,"1,700,000"
1969,McLaren,#4 McLaren Cars M8B,"1,000,000"
1966,McLaren,M2B,"1,200,000"
2013,Mercedes-Benz,A 45 AMG,65000
2013,Mercedes-Benz,G 65 AMG,261000
2012,Mercedes-Benz,C 63 AMG Coupe Black Series Horizon Edition,140000
2012,Mercedes-Benz,C 63 AMG Coupe Black Series,143000
2015,Mercedes-Benz,#24 Tankpool24 Racing Truck,"1,000,000"
2015,Mercedes-Benz,#4 Erebus Motorsport E63 AMG V8 Supercar,"600,000"
2015,Mercedes-Benz,#9 Erebus Motorsport E63 AMG V8 Supercar,"600,000"
2014,Mercedes-Benz,#33 WIX Racing A-Class,"300,000"
2014,Mercedes-Benz,#84 HTP Motorsport SLS AMG GT3,"650,000"
2012,Mercedes-Benz,SLK 55 AMG,78000
2011,Mercedes-Benz,SLS AMG,200000
2009,Mercedes-Benz,SL 65 AMG Black Series,210000
2013,Mercedes-Benz,A45 AMG (Day One livery),
1998,Mercedes-Benz,AMG CLK GTR,2000000
1990,Mercedes-Benz,190E 2.5-16 Evolution II,150000
2012,Mercedes-Benz,S65 AMG,"215,000"
1972,Mercedes-Benz,300 SEL 6.3,35000
2011,Mercedes-Benz,#35 Black Falcon SLS AMG GT3,"650,000"
2010,Mercedes-Benz,CL 65 AMG,"200,000"
2010,Mercedes-Benz,E 63 AMG,"100,000"
2010,Mercedes-Benz,C63 AMG,"60,000"
2010,Mercedes-Benz,SLK 55 AMG,"58,000"
1967,Mercedes-Benz,280 SL,115000
2009,Mercedes-Benz,SLR Stirling Moss,"1,000,000"
2009,Mercedes-Benz,ML 63 AMG,"80,000"
1954,Mercedes-Benz,300 SL Coupe,1200000
2008,Mercedes-Benz,Mercedes-AMG #4 C-Class Touring Car,"1,200,000"
2005,Mercedes-Benz,SLR,"330,000"
2005,Mercedes-Benz,CL65 AMG,"67,000"
1949,Mercury,Coupe,45000
2003,Mercedes-Benz,CLK55 AMG Coupe,"20,000"
2003,Mercedes-Benz,#3 CLK-DTM,"393,000"
1971,Meyers,Manx,35000
1998,Mercedes-Benz,#11 D2 CLK-GTR,"500,000"
1986,MG,Metro 6R4 Horizon Edition,286000
1989,Mercedes-Benz,#63 Sauber-Mercedes C 9,"2,200,000"
1986,MG,Metro 6R4,125000
2014,MINI,X-Raid All4 Racing Countryman,875000
1955,Mercedes-Benz,300 SLR,"1,900,000"
2012,MINI,John Cooper Works GP Horizon Edition,88000
1939,Mercedes-Benz,W154,"1,650,000"
1990,Mercury,#15 Whistler Radar Cougar XR-7,"650,000"
1970,Mercury,Cougar Eliminator,"52,000"
2012,MINI,John Cooper Works GP,38000
1965,MINI,Cooper S Horizon Edition,80000
1965,MINI,Cooper S,30000
1984,MG,Metro 6R4,
1966,MG,MGB GT,"18,000"
1958,MG,MGA Twin-Cam,"35,000"
2008,Mitsubishi,Lancer Evolution X GSR,43000
2006,Mitsubishi,Lancer Evolution IX MR,27000
2004,Mitsubishi,Lancer Evolution VIII MR,31000
2012,MINI,John Cooper Works Coupe,100
2011,MINI,John Cooper Works Clubman,"30,000"
2011,MINI,Cooper S,"24,000"
2010,MINI,Coupe Concept,"30,000"
1999,Mitsubishi,Lancer Evolution VI GSR,28000
2003,MINI,Cooper S,"12,000"
1995,Mitsubishi,Eclipse GSX,25000
1992,Mitsubishi,Galant VR-4,25000
2010,Mitsubishi,Colt Ralliart,"22,000"
2008,Mitsubishi,Lancer Evolution X GSR LCE Livery,"29,000"
2008,Mitsubishi,GameStation Lancer Evo X GSR,
2006,Mitsubishi,HKS Time Attack Evolution,"350,000"
2014,Morgan,3 Wheeler,50000
2006,Mitsubishi,Eclipse GT,"11,000"
2017,Nissan,GT-R,132000
2004,Mitsubishi,Lancer Evolution VIII GSR,"26,000"
2004,Mitsubishi,Lancer Evolution VIII FQ-330,"51,000"
2003,Mitsubishi,Sparco Lancer Evolution VIII,"202,500"
2003,Mitsubishi,Eclipse GTS,"7,000"
2000,Mitsubishi,Lancer Evolution VI TME,"46,000"
1999,Mitsubishi,MINE's CP9A Lancer Evolution VI,"171,000"
2016,Nissan,Titan Warrior Concept,50000
1998,Mitsubishi,FTO GP Version R,"6,000"
1997,Mitsubishi,GTO,"25,000"
1997,Mitsubishi,3000GT VR-4,"26,000"
1995,Mitsubishi,Eclipse GS F&F Edition,"80,000"
1988,Mitsubishi,Starion ESI-R,"5,000"
2010,Morgan,Aero SuperSports,"160,000"
2015,Nissan,#1 NISMO MOTUL AUTECH GT-R,600000
2012,Nissan,GT-R Black Edition (R35) Horizon Edition,155000
2012,Nissan,GT-R Black Edition (R35),105000
2010,Mosler,MT900S,"320,000"
2010,Nissan,370Z,40000
2003,Nissan,Fairlady Z (350Z Z33),35000
2002,Nissan,Skyline GT-R V-Spec II [R34],63000
2015,Nissan,#23 GT-R LM NISMO,"1,000,000"
2015,Nissan,#23 Nissan Motorsport Altima,"600,000"
2015,Nissan,IDx NISMO,"37,000"
2014,Nissan,Juke Nismo RS,
2014,Nissan,Juke Pringles Edition,
2000,Nissan,Silvia Spec-R [S15] Horizon Edition,85000
2000,Nissan,Silvia Spec-R [S15],35000
2011,Nissan,Leaf,"30,000"
2011,Nissan,Micra,"10,000"
2010,Nissan,#12 Calsonic Impul GT-R,"1,500,000"
1998,Nissan,R390,730000
2010,Nissan,GT-R SPECV,"150,000"
2010,Nissan,G-Shock 370Z,
2009,Nissan,Versa SL,"11,000"
2008,Nissan,#23 Xanavi Nismo GT-R,"1,500,000"
2008,Nissan,#24 Woodone Advan Clarion GT-R,"1,500,000"
2008,Nissan,#3 YellowHat YMS Tomica GT-R,"1,500,000"
2007,Nissan,350Z Grand Touring Coupe,
2007,Nissan,Altima 3.5 SE,"12,000"
2007,Nissan,Sentra SE-R Spec V,"11,000"
2005,Nissan,#46 Dream Cube's ADVAN Z,"900,000"
2003,Nissan,#12 Calsonic Skyline,"1,500,000"
2003,Nissan,#23 Xanavi Nismo GT-R,"400,000"
2003,Nissan,#3 Hasemisport Endless Z,"900,000"
2003,Nissan,Forza Motorsport Fairlady Z,"200,000"
1998,Nissan,Silvia K's Aero [S14 Kouki],25000
2003,Nissan,Skyline Coupe 350GT,"12,000"
2003,Nissan,350Z Track,"29,000"
2003,Nissan,Skylne,"36,000"
2003,Nissan,Team Forza Fairlady Z,"26,000"
1997,Nissan,Skyline GT-R V-Spec [R33],37000
2002,Nissan,MINE'S R34 Skyline GT-R,"280,000"
2002,Nissan,Skyline GT-R V-Spec II Nur,
2002,Nissan,Tommy Kaira Skyline GT-R R34,
2002,Nissan,Fairlady Z F&F Edition,"100,000"
1995,Nissan,NISMO GT-R LM,1100000
2000,Nissan,Top Secret D1-Spec S15,"240,000"
1994,Nissan,Silvia K's [S14 Zenki],25000
1999,Nissan,Skyline GT-R F&F Edition,"150,000"
1998,Nissan,#32 Nissan R390 GT1,"1,500,000"
1993,Nissan,Skyline GT-R V-Spec [R32],85000
1993,Nissan,240SX SE,25000
1998,Nissan,240SX SE,"20,000"
1997,Nissan,#23 Nissan Motorsports R390 GT1,"2,000,000"
1992,Nissan,Silvia CLUB K's [S13],25000
1987,Nissan,Skyline GTS-R [R31],100000
1995,Nissan,Skyline GT-R,"43,000"
1973,Nissan,Skyline H/T 2000GT-R,170000
1994,Nissan,Fairlady Z Version S Twin Turbo,"20,000"
1994,Nissan,#75 Cunningham Racing 300ZX,"650,000"
1994,Nissan,300ZX Twin Turbo Version R,"27,000"
1993,Nissan,MINE'S R32 Skyline GT-R,"240,000"
1971,Nissan,Skyline 2000GT-R,60000
1969,Nissan,Fairlady Z 432,150000
1966,Nissan,Silvia,50000
1991,Nissan,#23 Nissan R91CP,
1972,Nissan,240 ZX,
1969,Nissan,Fairlady Z 432R,"117,500"
1969,Nissan,#21 Nissan Racing R382,"1,000,000"
2010,Noble,M600,450000
1969,Oldsmobile,Hurst/Olds 442,65000
1984,Opel,Manta 400,100000
1979,Opel,Kadett C GT/E,25000
1968,Opel,GT,25000
2004,Opel,Speedster Turbo,"35,000"
2003,Opel,#5 OPC TEAM PHOENIX Astra V8,"1,200,000"
2003,Opel,#6 OPC Team Phoenix Astra V8,"393,000"
2016,Pagani,Huayra BC,1500000
2012,Pagani,Huayra,1300000
2010,Pagani,Zonda R,1700000
2009,Pagani,Zonda Cinque Roadster,2100000
2011,Penhall,The Cholla,100000
1984,Peugeot,205 Turbo 16,200000
2000,Plymouth,Prowler,35000
1971,Plymouth,Cuda 426 Hemi,160000
1958,Plymouth,Fury,47000
2003,Pagani,#17 Carsport America Zonda GR,"1,100,000"
1999,Pagani,Zonda C12,"500,000"
2011,Panoz,#050 Panoz Racing Abruzzi ,"1,000,000"
2006,Panoz,#81 Team LNT Panoz Esperante GTLM,"250,000"
2005,Panoz,#51 Panoz Esperante GTLM,"1,000,000"
2005,Panoz,Esperante GTLM,"80,000"
2003,Panoz,#11 JML Team Panoz LMP-01,"2,200,000"
2002,Panoz,#50 Panoz MotorSports LMP-01,"1,200,000"
2002,Panoz,#10 JML LMP01 EPP,"500,000"
2001,Panoz,Esperante GL,"66,000"
2011,Peugeot,107,"10,000"
2011,Peugeot,#10 Matmut-Oreca 908,"1,300,000"
2011,Peugeot,308 GTI,"35,000"
2010,Peugeot,RCZ,"34,000"
2009,Peugeot,#9 Peugeot Sport Total 908,"1,300,000"
2007,Peugeot,#8 Peugeot Sport 908,"1,500,000"
2007,Peugeot,207 Super 2000,"150,000"
2007,Peugeot,#1 Peugeot 207 Super 2000,"300,000"
2007,Peugeot,207 RC,"16,000"
2004,Peugeot,206 RC,"14,000"
2004,Peugeot,206 Gti 180,"30,000"
1993,Peugeot,#3 Peugeot Talbot Sport 905 EVO 1C,"1,200,000"
1971,Plymouth,GTX 426 Hemi,
1970,Plymouth,Cuda F&F Edition,"200,000"
1970,Plymouth,Road Runner F&F Edition,"41,000"
1968,Plymouth,Barracuda Formula-S,"35,000"
2015,Polaris,RZR XP 1000 EPS Horizon Edition,75000
2015,Polaris,RZR XP 1000 EPS,25000
2015,Polaris,RZR XP 1000 EPS Rockstar Edition,25000
1987,Pontiac,Firebird Trans Am GTA,25000
1977,Pontiac,Firebird Trans Am,45000
1973,Pontiac,Firebird Trans Am SD-455,61000
1969,Pontiac,GTO Judge,90000
1965,Pontiac,GTO,48000
2009,Pontiac,G8 GXP,"38,000"
2009,Pontiac,Solstice GXP,"26,000"
2006,Pontiac,GTO,"17,000"
2006,Pontiac,Solstice,"17,000"
2005,Pontiac,Aztek,"5,000"
2004,Pontiac,GTO,"14,000"
2002,Pontiac,Firebird Trans Am Ram Air,"23,000"
1988,Pontiac,Fiero GT,"5,000"
1969,Pontiac,Firebird Trans Am,"49,000"
1968,Pontiac,Firebird,"36,000"
1968,Pontiac,GTO Hardtop,"39,000"
2017,Porsche,Panamera Turbo [971],150000
2016,Porsche,911 GT3 RS [991.2],210000
2016,Porsche,Cayman GT4,85000
2015,Porsche,Cayman GTS [981C],80000
2015,Porsche,Macan Turbo,105000
2014,Porsche,918 Spyder,850000
2014,Porsche,911 Turbo S [991],150000
2012,Porsche,911 GT2 RS [997],240000
2012,Porsche,911 GT3 RS 4.0 [997],200000
2015,Porsche,#19 Porsche Team 919 Hybrid,"1,250,000"
2012,Porsche,Cayenne Turbo,110000
2011,Porsche,#45 Flying Lizard 911 GT3-RSR,550000
2004,Porsche,911 GT3 [996],65000
2003,Porsche,Carrera GT,400000
2012,Porsche,Cayman R,"66,000"
2011,Porsche,#17 Team Falken 911 GT3-RSR,"1,100,000"
2011,Porsche,#23 Alex Job Racing 911 GT3 Cup,"900,000"
2011,Porsche,#54 Black Swan Racing 911 GT3 Cup,"900,000"
2010,Porsche,911 Sport Classic (997),"240,000"
2010,Porsche,Panamera Turbo (970),"130,000"
2010,Porsche,Boxster S,"46,000"
2009,Porsche,Cayenne Turbo S,"118,000"
2008,Porsche,#16 Dyson Racing RS Spyder Evo,"2,000,000"
2008,Porsche,#45 Flying Lizard 911 GT3-RSR,"250,000"
2008,Porsche,#2 Gruppe Orange Racing 911 GT3 Cup,"900,000"
2008,Porsche,911 GT2 (997),"186,000"
2008,Porsche,#7 Penske Racing RS Spyder Evo,"1,300,000"
2007,Porsche,#80 Flying Lizard 911 GT3-RSR,"1,100,000"
2007,Porsche,911 Turbo (997),"100,000"
2007,Porsche,911 GT3 RS (997),"130,000"
2007,Porsche,911 GT3 (997),"80,000"
2006,Porsche,#82 Red Bull 911 GT3 Cup,"200,000"
2006,Porsche,Cayman S,"44,000"
2006,Porsche,#81 Synergy Racing 911 GT3 Cup,"275,000"
2005,Porsche,#31 Petersen-White Lightning 911 GT3-RSR (996),"1,100,000"
2005,Porsche,#5 XBOX 360 911 GT3-RSR,"250,000"
2005,Porsche,#66 AXA Racing 911 GT3 Cup (996),"900,000"
2005,Porsche,#3 Lechner Racing School 1 911 GT3 Cup,"200,000"
2005,Porsche,#55 Applied Materials 911 GT3 Cup,"200,000"
2005,Porsche,#44 Flying Lizard 911 GT3-RSR,"300,000"
2004,Porsche,#23 Alex Job Racing 911 GT3-RSR,"300,000"
1995,Porsche,911 GT2 [993],550000
2003,Porsche,Boxster S,"25,000"
2003,Porsche,#22 3R-Racing 911 GT3 Cup,"275,000"
2002,Porsche,#57 Larbre McDonalds 996 GT3 Cup,"275,000"
2000,Porsche,#23 IMSA 911 GT3-RS,"271,000"
1998,Porsche,#5 Zakspeed Racing 911 GT1-98,"1,200,000"
1998,Porsche,911 GT1 Strassenversion (Street Version),"1,300,000"
1998,Porsche,#26 Porsche AG 911 GT1-98,"700,000"
1993,Porsche,928 GTS,26000
1989,Porsche,944 Turbo,12000
1987,Porsche,959,400000
1987,Porsche,#17 Racing Porsche AG 962c,"1,200,000"
1982,Porsche,911 Turbo 3.3 [930],38000
1973,Porsche,911 Carrera RS,200000
1970,Porsche,914/6,24000
1960,Porsche,718 RS 60,1000000
1957,Porsche,356A Speedster,300000
1955,Porsche,550A Spyder,600000
2006,Proto Motors,Spirra,"118,500"
723,Quartz,Regalia,500000
2016,Radical,RXC Turbo,330000
2011,Radical,SR8 RX,"330,000"
2013,Ram,Ram Runner Horizon Edition,76000
2013,Ram,Ram Runner,76000
1972,Reliant,Supervan III,35000
2014,Renault,Spark SRT_01E,"300,000"
2013,Renault,Clio RS 200,29000
2010,Renault,Megane RS 250,30000
2010,Renault,Clio RS,"26,000"
2009,Renault,Twingo Renault Sport Cup,"16,000"
2007,Renault,Clio RS 197,"20,000"
2003,Renault,Sport Clio V6,"22,000"
1993,Renault,Clio Williams,25000
1990,Renault,Alpine GTA Le Mans,40000
1980,Renault,5 Turbo,66000
1973,Renault,Alpine A110 1600s,98000
2016,RJ Anderson,#37 Polaris RZR-Rockstar Energy Pro 2 Truck,600000
2013,Robby Gordon,#7 Speed Energy Drink Stadium Super Truck,"100,000"
2016,Rolls-Royce,Dawn,340000
2014,Rolls-Royce,Wraith,310000
2010,Rossion,Q1,"120,000"
2011,RUF,Rt 12 R,"440,000"
2011,RUF,RGT-8,"320,000"
2011,RUF,Rt 12 S,"290,000"
1995,RUF,CTR2,"280,000"
1987,RUF,CTR Yellowbird,"310,000"
2008,Saab,9-3 Turbo X,"28,000"
2002,Saab,9-3 Aero,"10,000"
2002,Saab,9-3 Viggen,"20,000"
1978,Saab,99 Turbo,"5,000"
2010,Saleen,S5S Raptor,"180,000"
2008,Saleen,S331 Supercab,"40,000"
2006,Saleen,S281 E,"38,000"
2004,Saleen,S7,388000
2003,Saleen,#2 Konrad Motorsport S7R,"1,500,000"
2002,Saleen,#11 Graham Nash Motorsport S7R,"600,000"
2001,Saleen,#26 Konrad Motorsports S7R,"600,000"
2000,Saleen,S281,"20,000"
2000,Saleen,#2 IMSA S7R,"400,000"
2007,Saturn,Sky Red Line,"17,000"
2006,Saturn,ION Red Line,"9,000"
2013,Scion,FR-S,"24,000"
2012,Scion,tC,"17,000"
2009,Scion,xD,"11,000"
2005,Scion,tC,"10,000"
2010,SEAT,Leon CUPRA R,"24,000"
2009,SEAT,Ibiza CUPRA,"17,000"
2007,SEAT,Cupra GT Prototype,"393,000"
2007,SEAT,Leon Supercup,"150,000"
2007,SEAT,Leon CUPRA,"19,000"
2003,SEAT,Leon Cupra R,"10,000"
2012,Shelby,1000,"200,000"
1999,Shelby,Series 1,"130,000"
1969,Shelby,GT500 428CJ,"110,000"
1968,Shelby,GT-500KR,"80,000"
1965,Shelby,Cobra Daytona Coupe,8000000
1965,Shelby,Cobra 427 S/C,2100000
2010,Smart,fortwo,"12,000"
2010,Spada,Codatronca TS,"400,000"
2016,Spania GTA,GTA Spano Duracell Edition,800000
2016,Spania GTA,GTA Spano,800000
2012,Spyker,Aileron,"250,000"
2010,Spyker,C8 Laviolette LM85,"250,000"
2013,SRT,Viper GTS,95000
2013,SRT,#91 SRT Motorsport GTS-R,"650,000"
2013,SRT,Team Forza Viper GTS,"110,000"
2010,SSC,Ultimate Aero,"1,000,000"
2016,Subaru,#199 WRX STI VT15R Rally Car,300000
2016,Subaru,#75 WRX STI VT15R Rally Car,300000
2015,Subaru,WRX STI,42000
2015,Subaru,Team Forza WRX STI,"35,000"
2013,Subaru,BRZ Horizon Edition,82000
2013,Subaru,BRZ,32400
2011,Subaru,WRX STI ,33000
2010,Subaru,Legacy B4 2.5 GT,"29,000"
2008,Subaru,Impreza WRX STI,31000
2006,Subaru,Impreza S204,"52,000"
2005,Subaru,Impreza WRX STI,33000
2004,Subaru,Impreza WRX STi,28000
2004,Subaru,Impreza WRX STi Spec-C,"129,000"
2003,Subaru,#77 Cusco Subaru Advan Impreza,"900,000"
1999,Subaru,Impreza 2.5RS Coupe,"20,000"
1998,Subaru,Impreza 22B STI Horizon Edition,160000
1998,Subaru,Tommy Kaira Impreza M20b,"141,000"
1998,Subaru,Impreza 22B STi,110000
1996,Subaru,SVX,25000
1990,Subaru,Legacy RS,25000
1980,Subaru,BRAT GL Horizon Edition,75000
1980,Subaru,BRAT GL,25000
1967,Sunbeam,Tiger,65000
2011,Suzuki,#1 Monster Sport SX4 Hill Climb Special,"1,000,000"
2011,Suzuki,SX4 Sportback,"14,000"
2002,Suzuki,Liana GLX,"5,000"
1979,Talbot,Sunbeam Lotus,25000
2017,TAMO,Racemo,600000
2014,Terradyne,Gurkha LAPV [F&F Edition],450000
2015,Tesla,Model S P90D with Ludicrous Mode,72000
2015,Tesla,Model S P85D,"110,000"
2014,Tesla,Model S,
2011,Tesla,Roadster Sport,"128,000"
2016,Toyota,#11 Joe Gibbs Racing FedEx Express Camry,"1,500,000"
2016,Toyota,#18 Joe Gibbs Racing Interstate Batteries Camry,"1,500,000"
2016,Toyota,#18 Joe Gibbs Racing M&Mâ€™s Camry,"1,500,000"
2016,Toyota,#19 Joe Gibbs Racing ARRIS Camry,"1,500,000"
2016,Toyota,#19 Joe Gibbs Racing STANLEY Camry,"1,500,000"
2016,Toyota,#19 Joe Gibbs Racing Subway Camry,"1,500,000"
2016,Toyota,#20 Joe Gibbs Racing DEWALT Camry,"1,500,000"
2016,Toyota,#20 Joe Gibbs Racing Dollar General Camry,"1,500,000"
2014,Toyota,#11 Handy Motorsport Avensis,"300,000"
2014,Toyota,#12 Rebellion Racing Lola R-One,"1,300,000"
2014,Toyota,#20 United Autosports Avensis,"300,000"
2014,Toyota,#8 Toyota Racing TS040 HYBRID,"1,250,000"
2014,Toyota,#80 Speedworks Motorsport Avensis,"300,000"
2013,Toyota,GT86,28800
2012,Toyota,FJ Cruiser,"26,000"
2011,Toyota,Prius,"24,000"
2011,Toyota,Aygo,"10,000"
2007,Toyota,Hilux Arctic Trucks AT38,55000
2006,Toyota,#25 Eclipse Advan Supra,"400,000"
2005,Toyota,#6 EXXON Superflo Supra,"1,500,000"
2005,Toyota,#36 Open Interface Tom's Supra,"400,000"
2004,Toyota,#35 YellowHat YMS Supra,"400,000"
2004,Toyota,Altezza RS200,"10,000"
2004,Toyota,Camry Solara,"20,000"
2003,Toyota,APR Performance Celica GTS,
2003,Toyota,Celica SS-I,"17,000"
2003,Toyota,#1 Ultraflo Supra,
2003,Toyota,#36 Woodone TOM'S Supra,
2003,Toyota,Celica 1800 VVT-i,"25,000"
2003,Toyota,Celica GT-S,"20,000"
2002,Toyota,Tom's Z382 Soarer,
2002,Toyota,Tom's T020 MR2,"101,500"
2002,Toyota,Soarer 430SCV,"18,000"
2002,Toyota,Tom's W123 MR-S,"15,000"
2002,Toyota,MR-S,"8,000"
2002,Toyota,MR2 Spyder,"20,000"
1999,Toyota,#3 Toyota Motorsports GT-ONE TS020,"1,200,000"
1998,Toyota,VeilSide Supra Fortune 99,
1998,Toyota,VeilSide Supra Fortune 03,
1998,Toyota,AB Flug S900 Supra Turbo,
1998,Toyota,Supra RZ Horizon Edition,88000
1998,Toyota,Top Secret 0-300 Supra,"300,000"
1998,Toyota,Supra RZ,38000
1995,Toyota,Tom's T020 MR2,"11,000"
1995,Toyota,MR2 GT,"21,000"
1995,Toyota,MR2 Turbo T-bar,
1995,Toyota,Supra RZ F&F Edition,"180,000"
1994,Toyota,Celica GT-Four ST205,25000
1992,Toyota,Celica GT-Four RC ST185,25000
1992,Toyota,Supra 2.0 GT Twin Turbo,30000
1989,Toyota,MR2 SC,"14,000"
1985,Toyota,Sprinter Trueno GT Apex,25000
1984,Toyota,Celica Supra,"6,000"
1979,Toyota,FJ40,55000
1974,Toyota,Corolla SR5,25000
1974,Toyota,Celica GT,25000
1969,Toyota,2000GT,"80,000"
1962,Triumph,TR3B,"24,000"
2005,TVR,Sagaris,86000
2001,TVR,Tuscan R,"220,500"
2001,TVR,Tuscan S,"30,000"
1998,TVR,Cerbera Speed 12,"1,000,000"
2015,Ultima,Evolution Coupe 1020,130000
2012,Ultima,GTR 720,150000
2012,Ultima,GTR,"110,000"
2016,Vauxhall,Corsa VXR,28000
2013,Vauxhall,Astra 1.6 Tech Line Top Gear Edition,"25,000"
2012,Vauxhall,Astra VXR,25000
2011,Vauxhall,Agila,"10,000"
2010,Vauxhall,Insignia VXR,"42,000"
2009,Vauxhall,Corsa VXR,"24,000"
2006,Vauxhall,Astra VXR,"15,000"
2005,Vauxhall,Monaro VXR,"23,000"
2004,Vauxhall,VX220 Turbo,"20,000"
1990,Vauxhall,Lotus Carlton,70000
2013,Viper,#93 SRT Motorsport GTS-R (Pennzoil),"1,000,000"
2013,Viper,GTS (Ltd. Ed.),"110,000"
2010,Viper,SRT10 ACR-X,"110,000"
2014,Volkswagen,Beetle GRC,"185,000"
2014,Volkswagen,Golf R (Mk7),"50,000"
2011,Volkswagen,Scirocco R LCE Livery,"45,000"
2011,Volkswagen,Polo GTI,"24,000"
2011,Volkswagen,Fox,"10,000"
2011,Volkswagen,Scirocco R,"49,000"
2010,Volkswagen,Golf GTI Mk6,"26,000"
2010,Volkswagen,Golf R (Mk6),"46,000"
2009,Volkswagen,Scirocco GT,"32,000"
2008,Volkswagen,Touareg R50,"65,000"
2006,Volkswagen,Golf GTi (Mk5),"16,000"
2004,Volkswagen,Beetle,"7,000"
2003,Volkswagen,Bora VR6,"9,000"
2003,Volkswagen,Golf R32 (Mk5),"24,000"
2003,Volkswagen,Jetta GLX VR6,"20,000"
1998,Volkswagen,Gti VR6 Mk3,"14,000"
1995,Volkswagen,Corrado VR6,"15,000"
1992,Volkswagen,Golf Gti 16v Mk2,"13,000"
1988,Volkswagen,Scirocco 16v,"12,000"
1984,Volkswagen,Rabbit GTI,"12,000"
1981,Volkswagen,Scirocco S,"12,000"
1967,Volkswagen,Beetle,"15,000"
1967,Volkswagen,Karmann Ghia,"12,000"
1963,Volkswagen,Beetle,"16,000"
1963,Volkswagen,Type 2 De Luxe,"55,000"
2015,Volvo,V60 Polestar,62000
2015,Volvo,S60 Polestar,72000
2015,Volvo,#33 Wilson Security Racing GRM S60,"600,000"
2014,Volvo,#1 Volvo Polestar Racing S60 STCC,"300,000"
2014,Volvo,#13 Volvo Polestar Racing S60 STCC,"300,000"
2011,Volvo,S60 R-Design,"32,000"
2009,Volvo,C30 R-Design,"24,000"
2004,Volvo,#24 At-Speed S60 R,"150,000"
2004,Volvo,S60 R,"14,000"
1997,Volvo,850 R,25000
1983,Volvo,242 Turbo Evolution,45000
1972,Volvo,1800E,36000
1967,Volvo,123GT,25000
2016,W Motors,Lykan HyperSport,3400000
1964,Watson,#1 Sheraton-Thompson Special Roadster,"800,000"
2011,Wiesmann,GT MF5,"260000"
2010,Wiesmann,GT MF5,"220000"
2016,Zenvo,ST1,1000000